parserId,uses
blankLineParser,1210
versionParser,687
newFeatureParser,674
lineOfCodeParser,452
catchAllParagraphParser,281
bugFixParser,262
breakingChangeParser,242
BlobParser,206
quickLinkParser,101
scrollQuestionParser,65
listAftertextParser,57
codeParser,50
scrollImportedParser,50
h2Parser,43
belowAsCodeParser,31
quickCssParser,28
quickRelativeLinkParser,26
scrollCenterParser,26
editButtonParser,25
addClassMarkupParser,24
slashCommentParser,20
aboveAsCodeParser,18
buildTxtParser,16
importOnlyParser,16
scrollBrParser,14
baseUrlParser,14
buildHtmlParser,13
homeButtonParser,13
scrollInlineCssParser,13
metaTagsParser,13
editBaseUrlParser,13
scrollVersionLinkParser,12
emailButtonParser,12
copyButtonsParser,12
scrollLeftRightButtonsParser,12
theScrollButtonParser,11
keyboardNavParser,11
h1Parser,11
scrollTitleParser,11
printTableParser,10
horizontalRuleParser,10
printTitleParser,10
codeFromFileParser,9
scrollLinkParser,9
quickImageParser,9
codeWithLanguageParser,8
styleTweakParser,8
chatLineParser,8
codeWithHeaderParser,8
thinColumnsParser,8
cssParser,8
inlineMarkupParser,7
orderedListAftertextParser,7
endColumnsParser,7
scrollTableDataParser,7
scrollTableParser,7
cssLineParser,6
aftertextCodeParser,6
afterTextCenterParser,6
aftertextStyleParser,6
captionAftertextParser,6
scrollTableDelimiterParser,5
h3Parser,5
joinParser,5
scrollNavParser,5
scrollTagsParser,5
scrollDinkusParser,4
scrollMediaLoopParser,4
footnoteDefinitionParser,4
scrollContainerParser,4
scrollLinkTitleParser,4
scrollSelectParser,3
buildCsvParser,3
lineOfTextParser,3
expanderParser,3
quickParagraphParser,3
italicsParser,3
tableSearchParser,3
catchAllJavascriptCodeLineParser,3
parserDefinitionParser,3
checklistDoneParser,3
replaceParser,3
heatrixParser,2
scrollTransposeParser,2
scrollWhereParser,2
hoverNoteParser,2
linkTitleParser,2
scrollChatParser,2
quickTableParser,2
hamlParser,2
permalinkParser,2
cueFromIdParser,2
extendsParserParser,2
htmlParser,2
checklistTodoParser,2
downloadButtonParser,1
helpfulNotFoundParser,1
scrollThemeParser,1
clocParser,1
emailLinkParser,1
debugParsersParser,1
buildParsersParser,1
printUsageStatsParser,1
toStampParser,1
printparsersLeetSheetParser,1
scrollPostsMetaParser,1
scrollOrderByParser,1
assertHtmlIncludesParser,1
printScrollLeetSheetParser,1
buildJsonParser,1
endOfPostDinkusParser,1
matchParser,1
matchAllParser,1
datelineParser,1
linkTargetParser,1
katexParser,1
sparklineParser,1
aftertextStrikeParser,1
boldParser,1
scrollMusicParser,1
scrollVideoParser,1
quickVideoParser,1
quickSoundParser,1
aftertextRightParser,1
thinColumnParser,1
buildMeasuresParser,1
buildConceptsParser,1
mediumColumnsParser,1
printSiteMapParser,1
redirectToParser,1
messageParser,1
hiddenMessageParser,1
parsersJavascriptParser,1
inScopeParser,1
catchAllAtomTypeParser,1
pParser,1
parsersCueParser,1
scrollDashboardParser,1